{"cameraMode":{"drawMode":0,"name":"Shaded","section":"Shading Mode"},"sceneLighting":false,"audioPlay":false,"sceneViewState":{"m_AlwaysRefresh":false,"showFog":true,"showSkybox":false,"showFlares":true,"showImageEffects":true,"showParticleSystems":true,"showVisualEffectGraphs":true,"m_FxEnabled":true},"in2DMode":false,"pivot":{"x":0.28100383281707766,"y":-0.15537627041339875,"z":1.1741992235183716},"rotation":{"x":-0.32467198371887209,"y":0.6029605865478516,"z":-0.29349711537361147,"w":-0.6670069694519043},"size":0.6123727560043335,"orthographic":false}