{"cameraMode":{"drawMode":0,"name":"Shaded","section":"Shading Mode"},"sceneLighting":true,"audioPlay":false,"sceneViewState":{"m_AlwaysRefresh":false,"showFog":true,"showSkybox":false,"showFlares":true,"showImageEffects":true,"showParticleSystems":true,"showVisualEffectGraphs":true,"m_FxEnabled":true},"in2DMode":false,"pivot":{"x":-0.22500038146972657,"y":1.9999995231628419,"z":2.5399999618530275},"rotation":{"x":0.5646899938583374,"y":-0.0013175375061109663,"z":0.0008072577766142786,"w":0.8254139423370361},"size":35.776580810546878,"orthographic":false}