{"cameraMode":{"drawMode":0,"name":"Shaded","section":"Shading Mode"},"sceneLighting":true,"audioPlay":false,"sceneViewState":{"m_AlwaysRefresh":false,"showFog":true,"showSkybox":true,"showFlares":true,"showImageEffects":true,"showParticleSystems":true,"showVisualEffectGraphs":true,"m_FxEnabled":true},"in2DMode":false,"pivot":{"x":-0.8024740219116211,"y":35.200721740722659,"z":-16.826770782470704},"rotation":{"x":0.5076953768730164,"y":-0.01041442435234785,"z":0.006049851421266794,"w":0.8615602850914002},"size":0.9339746832847595,"orthographic":false}