{"cameraMode":{"drawMode":0,"name":"Shaded","section":"Shading Mode"},"sceneLighting":true,"audioPlay":false,"sceneViewState":{"m_AlwaysRefresh":false,"showFog":true,"showSkybox":true,"showFlares":true,"showImageEffects":true,"showParticleSystems":true,"showVisualEffectGraphs":true,"m_FxEnabled":true},"in2DMode":false,"pivot":{"x":0.37497612833976748,"y":30.580211639404298,"z":-13.917728424072266},"rotation":{"x":0.4309128522872925,"y":0.010760325007140637,"z":-0.005216153804212809,"w":0.9024181365966797},"size":0.9339746832847595,"orthographic":false}