{"cameraMode":{"drawMode":0,"name":"Shaded","section":"Shading Mode"},"sceneLighting":true,"audioPlay":false,"sceneViewState":{"m_AlwaysRefresh":false,"showFog":true,"showSkybox":true,"showFlares":true,"showImageEffects":true,"showParticleSystems":true,"showVisualEffectGraphs":true,"m_FxEnabled":true},"in2DMode":false,"pivot":{"x":6.4823689460754398,"y":33.251502990722659,"z":-16.67144775390625},"rotation":{"x":0.5590416789054871,"y":0.040935810655355456,"z":-0.027725640684366227,"w":0.8277781009674072},"size":0.9339746832847595,"orthographic":false}