{"cameraMode":{"drawMode":0,"name":"Shaded","section":"Shading Mode"},"sceneLighting":false,"audioPlay":false,"sceneViewState":{"m_AlwaysRefresh":false,"showFog":true,"showSkybox":false,"showFlares":true,"showImageEffects":true,"showParticleSystems":true,"showVisualEffectGraphs":true,"m_FxEnabled":true},"in2DMode":false,"pivot":{"x":3.903212070465088,"y":4.627303123474121,"z":-3.5299293994903566},"rotation":{"x":0.3341720402240753,"y":-0.05791420117020607,"z":0.020577531307935716,"w":0.9405059218406677},"size":1.2247449159622193,"orthographic":false}