{"cameraMode":{"drawMode":0,"name":"Shaded","section":"Shading Mode"},"sceneLighting":true,"audioPlay":false,"sceneViewState":{"m_AlwaysRefresh":false,"showFog":true,"showSkybox":false,"showFlares":true,"showImageEffects":true,"showParticleSystems":true,"showVisualEffectGraphs":true,"m_FxEnabled":true},"in2DMode":false,"pivot":{"x":-2.830521821975708,"y":-41.00558853149414,"z":38.51525115966797},"rotation":{"x":0.4076770544052124,"y":-0.021986734122037889,"z":0.009729110635817051,"w":0.9129106402397156},"size":35.028011322021487,"orthographic":false}