{"cameraMode":{"drawMode":0,"name":"Shaded","section":"Shading Mode"},"sceneLighting":true,"audioPlay":false,"sceneViewState":{"m_AlwaysRefresh":false,"showFog":true,"showSkybox":false,"showFlares":true,"showImageEffects":true,"showParticleSystems":true,"showVisualEffectGraphs":true,"m_FxEnabled":true},"in2DMode":false,"pivot":{"x":-1.3349539041519166,"y":1.9615315198898316,"z":0.7147059440612793},"rotation":{"x":0.22795332968235017,"y":0.7322604060173035,"z":-0.2920304238796234,"w":0.5714886784553528},"size":0.8660253882408142,"orthographic":false}