{"cameraMode":{"drawMode":0,"name":"Shaded","section":"Shading Mode"},"sceneLighting":false,"audioPlay":false,"sceneViewState":{"m_AlwaysRefresh":false,"showFog":true,"showSkybox":false,"showFlares":true,"showImageEffects":true,"showParticleSystems":true,"showVisualEffectGraphs":true,"m_FxEnabled":true},"in2DMode":false,"pivot":{"x":3.8482415676116945,"y":4.380736827850342,"z":3.6257543563842775},"rotation":{"x":0.2546851634979248,"y":-0.6064276695251465,"z":0.21383486688137055,"w":0.7222900986671448},"size":0.40620192885398867,"orthographic":false}