{"cameraMode":{"drawMode":0,"name":"Shaded","section":"Shading Mode"},"sceneLighting":true,"audioPlay":false,"sceneViewState":{"m_AlwaysRefresh":false,"showFog":true,"showSkybox":false,"showFlares":true,"showImageEffects":true,"showParticleSystems":true,"showVisualEffectGraphs":true,"m_FxEnabled":true},"in2DMode":false,"pivot":{"x":-9.247283935546875,"y":-6.121546745300293,"z":3.6309452056884767},"rotation":{"x":-0.32961076498031618,"y":0.024081673473119737,"z":-0.008411605842411518,"w":-0.9437877535820007},"size":12.12435531616211,"orthographic":false}